<?xml version="1.0" encoding="UTF-8"?>
<wfs:FeatureCollection xmlns:wfs="http://www.opengis.net/wfs"
                       xmlns:sf="http://www.openplans.org/spearfish" xmlns:gml="http://www.opengis.net/gml"
                       xmlns:xsi="http://www.w3.org/2001/XMLSchema-instance" numberOfFeatures="825"
                       timeStamp="2015-06-03T14:52:34.704Z"
                       xsi:schemaLocation="http://www.openplans.org/spearfish http://www.opengis.net/wfs">
  <gml:featureMembers>
    <sf:roads gml:id="roads.1"/>
    <sf:roads gml:id="roads.2"/>
    <sf:roads gml:id="roads.3"/>
    <sf:roads gml:id="roads.4"/>
    <sf:roads gml:id="roads.5"/>
    <sf:roads gml:id="roads.6"/>
    <sf:roads gml:id="roads.7"/>
    <sf:roads gml:id="roads.8"/>
    <sf:roads gml:id="roads.9"/>
    <sf:roads gml:id="roads.10"/>
  </gml:featureMembers>
</wfs:FeatureCollection>
